id,country_id,university_name
1,73,Harvard University
2,73,Massachusetts Institute of Technology
3,73,Stanford University
4,72,University of Cambridge
5,73,California Institute of Technology
6,73,Princeton University
7,72,University of Oxford
8,73,Yale University
9,73,Columbia University
10,73,"University of California, Berkeley"
11,73,University of Chicago
12,73,Cornell University
13,73,University of Pennsylvania
14,33,University of Tokyo
15,73,Johns Hopkins University
16,65,Swiss Federal Institute of Technology in Zurich
17,33,Kyoto University
18,31,Weizmann Institute of Science
19,73,"University of California, Los Angeles"
20,73,"University of California, San Diego"
21,73,Rockefeller University
22,31,Hebrew University of Jerusalem
23,73,New York University
24,73,"University of California, San Francisco"
25,73,University of Wisconsinâ€“Madison
26,73,University of Illinois at Urbanaâ€“Champaign
27,73,Duke University
28,72,Imperial College London
29,73,University of Texas Southwestern Medical Center
30,73,University of Texas at Austin
31,72,University College London
32,33,Osaka University
33,73,Northwestern University
34,73,"University of Michigan, Ann Arbor"
35,9,University of Toronto
36,73,University of North Carolina at Chapel Hill
37,73,Washington University in St. Louis
38,73,University of Utah
39,73,University of Washington - Seattle
40,73,"University of California, Santa Barbara"
41,9,McGill University
42,73,"Purdue University, West Lafayette"
43,73,Carnegie Mellon University
44,73,University of Southern California
45,73,"University of California, Davis"
46,73,University of Colorado Boulder
47,73,"University of California, Irvine"
48,20,University of Paris-Sud
49,73,"University of Minnesota, Twin Cities"
50,73,University of Arizona
51,31,Technion â€“ Israel Institute of Technology
52,73,"Ohio State University, Columbus"
53,73,University of Rochester
54,20,Ã‰cole normale supÃ©rieure - Paris
55,73,University of Florida
56,31,Tel Aviv University
57,73,Rice University
58,73,Dartmouth College
59,73,Vanderbilt University
60,72,University of Edinburgh
61,20,Ã‰cole Polytechnique
62,73,Boston University
63,20,Pierre-and-Marie-Curie University
64,73,"Pennsylvania State University, University Park"
65,65,University of Geneva
66,73,Brown University
67,9,University of British Columbia
68,73,"University of Maryland, College Park"
69,65,Swiss Federal Institute of Technology in Lausanne
70,64,Karolinska Institute
71,73,University of Pittsburgh - Pittsburgh Campus
72,73,Rutgers University-New Brunswick
73,73,"Texas A&M University, College Station"
74,33,Nagoya University
75,62,Seoul National University
76,72,University of Manchester
77,32,Sapienza University of Rome
78,73,Case Western Reserve University
79,33,Tohoku University
80,73,Arizona State University
81,73,Emory University
82,21,Ruprecht Karl University of Heidelberg
83,21,Ludwig Maximilian University of Munich
84,73,University of Virginia
85,44,Leiden University
86,73,Tufts University
87,73,Georgia Institute of Technology
88,65,University of Zurich
89,19,University of Helsinki
90,21,Technical University of Munich
91,47,University of Oslo
92,2,University of Queensland
93,16,University of Copenhagen
94,2,University of Sydney
95,73,Williams College
96,73,University of Texas MD Anderson Cancer Center
97,72,University of Nottingham
98,72,University of Bristol
99,44,Utrecht University
100,20,Mines ParisTech
101,33,Keio University
102,72,King's College London
103,73,Indiana University - Bloomington
104,58,National University of Singapore
105,73,Stony Brook University
106,55,Lomonosov Moscow State University
107,2,Australian National University
108,9,University of Alberta
109,20,Paris Diderot University - Paris 7
110,33,Waseda University
111,11,Peking University
112,73,University of Notre Dame
113,66,National Taiwan University
114,11,Tsinghua University
115,33,Kyushu University
116,6,Katholieke Universiteit Leuven
117,33,Tokyo Institute of Technology
118,2,University of Melbourne
119,21,University of Bonn
120,64,Royal Institute of Technology
121,44,Erasmus University Rotterdam
122,62,Yonsei University
123,73,Michigan State University
124,61,University of the Witwatersrand
125,64,Lund University
126,73,Georgetown University
127,16,Aarhus University
128,63,University of Barcelona
129,73,Baylor College of Medicine
130,44,University of Amsterdam
131,64,Uppsala University
132,73,University of Iowa
133,44,University of Groningen
134,62,Korea Advanced Institute of Science and Technology (KAIST)
135,44,Radboud University Nijmegen
136,62,Korea University
137,7,University of SÃ£o Paulo
138,73,University of Colorado Denver
139,9,University of Montreal
140,21,Albert Ludwig University of Freiburg
141,6,Ghent University
142,72,University of Glasgow
143,73,University of Miami
144,6,UniversitÃ© libre de Bruxelles
145,9,McMaster University
146,72,University of Birmingham
147,73,University of Texas at Dallas
148,44,VU University Amsterdam
149,73,Wake Forest University
150,72,University of Southampton
151,58,Nanyang Technological University
152,2,University of New South Wales
153,33,Osaka City University
154,72,University of Leeds
155,9,Western University (The University of Western Ontario)
156,33,Kobe University
157,65,University of Basel
158,24,University of Hong Kong
159,73,Indiana University-Purdue University Indianapolis
160,21,Humboldt University of Berlin
161,21,Free University of Berlin
162,21,University of TÃ¼bingen
163,21,Goethe University Frankfurt
164,73,University of Houston
165,73,"University of California, Santa Cruz"
166,73,University of Alabama at Birmingham
167,73,Icahn School of Medicine at Mount Sinai
168,9,University of Calgary
169,64,University of Gothenburg
170,21,University of GÃ¶ttingen
171,2,Monash University
172,73,Southern Methodist University
173,73,Yeshiva University
174,73,University of South Florida - Tampa
175,62,Hanyang University
176,73,Oregon Health & Science University
177,20,University of Strasbourg
178,73,University of Cincinnati
179,72,University of Sheffield
180,21,University of Hamburg
181,73,George Washington University
182,32,University of Milan
183,73,Iowa State University
184,73,"University of Maryland, Baltimore"
185,32,University of Padua
186,73,University of New Mexico
187,62,Pohang University of Science and Technology
188,64,Stockholm University
189,33,Hokkaido University
190,11,Fudan University
191,72,University of Sussex
192,6,UniversitÃ© catholique de Louvain
193,73,Wayne State University
194,73,University of Massachusetts Medical School
195,65,University of Lausanne
196,11,Shanghai Jiao Tong University
197,73,University of Missouriâ€“Columbia
198,16,Technical University of Denmark
199,63,Complutense University of Madrid
200,21,University of Cologne
201,30,"Trinity College, Dublin"
202,65,University of Bern
203,24,Chinese University of Hong Kong
204,73,University of Kansas
205,62,Sungkyunkwan University
206,3,University of Vienna
207,11,Zhejiang University
208,73,University of Georgia
209,73,University of Massachusetts Amherst
210,72,Cardiff University
211,21,University of MÃ¼nster
212,72,University of Liverpool
213,9,University of Ottawa
214,21,University of Erlangen-Nuremberg
215,72,Queen Mary University of London
216,21,Karlsruhe Institute of Technology
217,73,Louisiana State University - Baton Rouge
218,11,Nanjing University
219,73,University of Illinois at Chicago
220,32,University of Bologna
221,9,University of Manitoba
222,20,Joseph Fourier University
223,73,"University of California, Riverside"
224,21,Julius-Maximilian's University of WÃ¼rzburg
225,20,Aix-Marseille University
226,2,University of Western Australia
227,9,Laval University
228,73,"University of Tennessee, Knoxville"
229,73,North Carolina State University
230,72,Newcastle University
231,20,Claude Bernard University Lyon 1
232,32,University of Turin
233,21,University of Kiel
234,73,University of Connecticut
235,73,Tulane University
236,73,University of Oklahoma - Norman Campus
237,73,Brandeis University
238,21,Dresden University of Technology
239,21,RWTH Aachen University
240,73,University of Texas Health Science Center at San Antonio
241,73,Virginia Commonwealth University
242,20,University of Montpellier 2
243,11,Dalian University of Technology
244,73,Rensselaer Polytechnic Institute
245,20,Paul Sabatier University - Toulouse III
246,20,Paris Descartes University
247,66,National Cheng Kung University
248,73,University of Delaware
249,6,Vrije Universiteit Brussel
250,21,Johannes Gutenberg University of Mainz
251,44,Maastricht University
252,21,University of DÃ¼sseldorf
253,72,University of Dundee
254,33,University of Tsukuba
255,63,Autonomous University of Barcelona
256,73,Florida State University
257,73,University of Texas at San Antonio
258,72,London School of Hygiene & Tropical Medicine
259,73,Lehigh University
260,73,University of Kentucky
261,73,Thomas Jefferson University
262,73,Drexel University
263,73,Colorado State University - Fort Collins
264,72,University of Leicester
265,72,Durham University
266,73,Oregon State University
267,32,University of Florence
268,61,University of Cape Town
269,73,"University at Buffalo, The State University of New York"
270,30,University College Dublin
271,11,University of Science and Technology of China
272,73,Virginia Polytechnic Institute and State University
273,32,University of Naples Federico II
274,45,University of Auckland
275,73,University of Texas Health Science Center at Houston
276,44,Delft University of Technology
277,72,University of Aberdeen
278,9,Queen's University
279,51,University of Lisbon
280,33,Hiroshima University
281,9,University of Waterloo
282,33,Okayama University
283,21,University of Ulm
284,67,Chulalongkorn University
285,9,Dalhousie University
286,55,Saint Petersburg State University
287,47,Norwegian University of Science and Technology
288,72,University of Reading
289,44,Wageningen University and Research Centre
290,64,UmeÃ¥ University
291,51,University of Porto
292,24,Hong Kong University of Science and Technology
293,11,Sun Yat-sen University
294,73,Medical College of Wisconsin
295,73,City College of New York
296,21,Hannover Medical School
297,73,"Washington State University, Pullman"
298,21,Technical University of Berlin
299,73,University of South Carolina - Columbia
300,21,Leipzig University
301,21,University of Stuttgart
302,63,University of Valencia
303,64,LinkÃ¶ping University
304,21,University of Duisburg-Essen
305,21,Ruhr University Bochum
306,47,University of Bergen
307,72,London School of Economics
308,73,Wesleyan University
309,32,University of Pisa
310,63,Autonomous University of Madrid
311,3,Medical University of Vienna
312,61,Stellenbosch University
313,73,Medical University of South Carolina
314,15,Charles University in Prague
315,62,Kyungpook National University
316,41,"University of Science, Malaysia"
317,6,University of LiÃ¨ge
318,72,University of Hull
319,73,Northeastern University
320,73,Kansas State University
321,73,University of Vermont
322,73,Rush University
323,73,University of Louisville
324,72,University of St Andrews
325,72,University of Warwick
326,32,University of Rome Tor Vergata
327,3,University of Innsbruck
328,21,Darmstadt University of Technology
329,27,Indian Institute of Technology Delhi
330,7,Federal University of Rio de Janeiro
331,6,University of Antwerp
332,23,National and Kapodistrian University of Athens
333,73,Boston College
334,32,Vita-Salute San Raffaele University
335,62,Gwangju Institute of Science and Technology
336,73,University of Nebraskaâ€“Lincoln
337,72,University of York
338,42,National Autonomous University of Mexico
339,21,University of Regensburg
340,33,Yokohama National University
341,2,University of Adelaide
342,32,University of Genoa
343,72,Queen's University Belfast
344,21,University of Marburg
345,32,University of Pavia
346,72,"St George's, University of London"
347,73,University of Oregon
348,63,University of Navarra
349,73,San Diego State University
350,11,Nankai University
351,72,University of East Anglia
352,73,University of Nebraska Medical Center
353,16,University of Southern Denmark
354,44,Eindhoven University of Technology
355,11,Xiamen University
356,45,University of Otago
357,63,University of Santiago de Compostela
358,72,University of Exeter
359,21,University of Jena
360,32,University of Perugia
361,21,Justus Liebig University Giessen
362,73,College of William and Mary
363,31,Ben-Gurion University of the Negev
364,73,Saint Louis University
365,73,Colorado School of Mines
366,73,Oklahoma State Universityâ€“Stillwater
367,9,University of Guelph
368,32,University of Trieste
369,32,University of Verona
370,73,"University at Albany, SUNY"
371,11,Tongji University
372,25,EÃ¶tvÃ¶s LorÃ¡nd University
373,73,University of Alabama - Tuscaloosa
374,19,University of Eastern Finland
375,62,Ewha Womans University
376,24,City University of Hong Kong
377,33,Tokyo Medical and Dental University
378,9,University of Victoria
379,1,University of Buenos Aires
380,73,University of Texas Medical Branch at Galveston
381,62,Kyung Hee University
382,24,Hong Kong Polytechnic University
383,21,Saarland University
384,32,Scuola Normale Superiore di Pisa
385,63,University of Seville
386,11,Beijing Normal University
387,33,Chiba University
388,32,University of Ferrara
389,32,University of Bari Aldo Moro
390,32,Polytechnic University of Milan
391,73,Temple University
392,19,University of Turku
393,19,Aalto University
394,9,Simon Fraser University
395,11,Tianjin University
396,64,Chalmers University of Technology
397,68,Middle East Technical University
398,72,Cranfield University
399,9,York University
400,11,Xi'an Jiaotong University
401,62,Chonnam National University
402,73,University of Central Florida
403,20,University of Lorraine
404,20,University of Bordeaux II
405,73,University of New Hampshire
406,20,Versailles Saint-Quentin-en-Yvelines University
407,62,Chonbuk National University
408,33,Kumamoto University
409,11,Huazhong University of Science and Technology
410,72,Brunel University
411,63,Polytechnic University of Catalonia
412,66,National Chiao Tung University
413,11,Southeast University
414,33,Tokyo University of Science
415,32,Catholic University of the Sacred Heart
416,73,Brigham Young University
417,63,Technical University of Madrid
418,33,Nagasaki University
419,66,National Tsing Hua University
420,50,University of Warsaw
421,56,King Saud University
422,72,University of Bath
423,9,Concordia University
424,73,Georgia Regents University
425,33,Niigata University
426,19,University of Oulu
427,63,Pompeu Fabra University
428,3,Vienna University of Technology
429,62,Sogang University
430,62,Gyeongsang National University
431,19,University of Tampere
432,32,University of Milan - Bicocca
433,20,University of Bordeaux I
434,64,Swedish University of Agricultural Sciences
435,73,George Mason University
436,11,Jilin University
437,27,University of Delhi
438,7,University of Campinas
439,11,Wuhan University
440,73,West Virginia University
441,62,Pusan National University
442,73,University of Mississippi - Oxford Campus
443,73,University of Arkansas for Medical Sciences
444,73,Miami University
445,33,University of Tokushima
446,44,University of Twente
447,73,Loyola University Chicago
448,62,Ajou University
449,73,Syracuse University
450,72,Lancaster University
451,10,Pontifical Catholic University of Chile
452,10,University of Chile
453,3,Innsbruck Medical University
454,63,University of Granada
455,33,Kanazawa University
456,32,University of Parma
457,32,University of Siena
458,11,Shandong University
459,21,Technical University of Dortmund
460,61,University of KwaZulu-Natal
461,73,"University of Nevada, Reno"
462,33,Yokohama City University
463,20,Ã‰cole normale supÃ©rieure de Lyon
464,30,University College Cork
465,73,Ohio University
466,11,Central South University
467,32,University of Modena and Reggio Emilia
468,73,New Mexico State University
469,21,University of Konstanz
470,73,University of Hawaii at Manoa
471,73,University of Nebraska Omaha
472,33,Shinshu University
473,72,University of Strathclyde
474,73,Baylor University
475,63,Polytechnic University of Valencia
476,11,Harbin Institute of Technology
477,20,University of Rennes 1
478,73,University of Arkansas - Fayetteville
479,23,Aristotle University of Thessaloniki
480,50,Jagiellonian University
481,73,Texas Tech University (TTU)
482,21,University of Rostock
483,73,University of Akron
484,9,University of Saskatchewan
485,33,Juntendo University
486,73,University of Wyoming
487,2,Macquarie University
488,45,University of Canterbury
489,73,University of Denver
490,73,Illinois Institute of Technology
491,73,Creighton University
492,21,Bielefeld University
493,41,University of Malaya
494,62,University of Ulsan
495,72,City University London
496,20,Grenoble Institute of Technology
497,7,Federal University of Minas Gerais
498,21,University of Hanover
499,11,South China University of Technology
500,72,University of Surrey
501,21,Otto-von-Guericke University Magdeburg
502,27,Indian Institute of Science
503,33,Tokyo Metropolitan University
504,31,Bar-Ilan University
505,73,Mississippi State University
506,73,"University of Maryland, Baltimore County"
507,2,University of Wollongong
508,2,Flinders University
509,21,Martin Luther University of Halle-Wittenberg
510,33,Graduate University for Advanced Studies
511,73,Clemson University
512,32,University of Brescia
513,73,Georgia State University
514,62,Dongguk University
515,65,University of Fribourg
516,11,Sichuan University
517,26,University of Iceland
518,9,University of Sherbrooke
519,3,University of Graz
520,63,University of MÃ¡laga
521,63,University of Zaragoza
522,73,New York Medical College
523,73,SUNY Downstate Medical Center
524,20,Ã‰cole Centrale Paris
525,73,Utah State University
526,60,University of Ljubljana
527,20,University of Montpellier 1
528,45,Victoria University of Wellington
529,11,East China University of Science and Technology
530,62,Konkuk University
531,21,University of Potsdam
532,63,University of the Basque Country
533,20,University of Nice Sophia Antipolis
534,32,University of Udine
535,66,National Yang-Ming University
536,27,Indian Institute of Technology Bombay
537,21,University of Bayreuth
538,73,University of Wisconsinâ€“Milwaukee
539,73,University of Dayton
540,33,Nihon University
541,73,Montana State University - Bozeman
542,72,"Royal Holloway, University of London"
543,33,Tokyo Women's Medical University
544,27,Panjab University
545,19,Tampere University of Technology
546,51,University of Coimbra
547,2,University of Newcastle
548,33,Nara Institute of Science and Technology
549,73,Auburn University
550,21,University of Bremen
551,67,Mahidol University
552,23,University of Crete
553,72,Bangor University
554,51,University of Aveiro
555,32,University of Palermo
556,33,Nagoya City University
557,18,University of Tartu
558,20,University of Savoy
559,47,University of TromsÃ¸ - The Arctic University of Norway
560,73,University of Missouriâ€“Kansas City
561,11,Beihang University
562,37,American University of Beirut
563,20,University of Nantes
564,72,University of Essex
565,13,University of Zagreb
566,66,National Central University
567,20,University Lille 1: Sciences and Technologies
568,32,University of Catania
569,20,National Polytechnic Institute of Toulouse
570,27,Indian Institute of Technology Kanpur
571,33,Kagoshima University
572,11,Lanzhou University
573,2,James Cook University
574,33,Shizuoka University
575,27,Indian Institute of Technology Kharagpur
576,32,Second University of Naples
577,27,Indian Institute of Technology Madras
578,72,Plymouth University
579,32,International School for Advanced Studies
580,32,Polytechnic University of Turin
581,63,University of Oviedo
582,33,Ehime University
583,23,University of Ioannina
584,32,University of Cagliari
585,33,Tottori University
586,7,Federal University of Rio Grande do Sul
587,73,Kent State University
588,12,University of Los Andes (Colombia)
589,11,Hunan University
590,33,Tokai University
591,73,LSU Health Sciences Center New Orleans
592,73,Southern Illinois University Carbondale
593,27,Tata Institute of Fundamental Research
594,16,Aalborg University
595,33,Osaka Prefecture University
596,66,Chang Gung University
597,73,Northern Illinois University
598,32,University of Trento
599,25,Semmelweis University
600,11,University of Science and Technology Beijing
601,30,"National University of Ireland, Galway"
602,62,Dankook University
603,68,Istanbul University
604,33,Tokyo University of Agriculture and Technology
605,73,University of Montana - Missoula
606,2,Queensland University of Technology
607,73,Binghamton University
608,6,UniversitÃ© de Namur
609,2,University of Tasmania
610,61,University of Pretoria
611,11,Central China Normal University
612,27,Indian Institute of Technology Roorkee
613,2,Curtin University
614,2,Deakin University
615,44,Tilburg University
616,62,Inha University
617,73,University of New Orleans
618,20,Paris-Est CrÃ©teil Val-de-Marne University
619,32,University of L'Aquila
620,62,Chungnam National University
621,63,University of Salamanca
622,73,University of Alaska Fairbanks
623,20,University of Poitiers
624,73,Albany Medical College
625,72,"Birkbeck, University of London"
626,2,Griffith University
627,7,Federal University of SÃ£o Paulo
628,9,Carleton University
629,45,Massey University
630,62,Catholic University of Korea
631,72,Open University (UK)
632,23,University of Patras
633,51,Universidade Nova de Lisboa
634,73,Texas A&M Health Science Center
635,21,Braunschweig University of Technology
636,66,National Chung Hsing University
637,2,La Trobe University
638,73,Missouri University of Science and Technology
639,73,University of Idaho
640,73,Louisiana Tech University
641,72,University of Portsmouth
642,63,University of La Laguna
643,73,Florida International University
644,3,Medical University of Graz
645,73,Howard University
646,72,University of Hertfordshire
647,73,State University of New York Upstate Medical University
648,30,Royal College of Surgeons in Ireland
649,23,National Technical University of Athens
650,9,University of Windsor
651,63,Rovira i Virgili University
652,20,University of Burgundy
653,33,Gunma University
654,50,AGH University of Science and Technology
655,33,Gifu University
656,68,Hacettepe University
657,64,Ã–rebro University
658,9,Memorial University of Newfoundland
659,33,Kindai University
660,73,University of Rhode Island
661,63,University of Alicante
662,73,New Jersey Institute of Technology
663,20,Lille 2 University of Health and Law
664,72,Keele University
665,19,University of JyvÃ¤skylÃ¤
666,73,Rochester Institute of Technology
667,33,Sapporo Medical University
668,27,Banaras Hindu University
669,56,King Abdullah University of Science and Technology
670,11,Northeast Normal University
671,73,Portland State University
672,9,University of QuÃ©bec at Montreal
673,11,East China Normal University
674,25,University of Debrecen
675,73,Loma Linda University
676,73,Old Dominion University
677,32,University of Insubria
678,73,"University of Nevada, Las Vegas"
679,24,Hong Kong Baptist University
680,51,University of Minho
681,32,University of Messina
682,73,University of Texas at Arlington
683,20,"University FranÃ§ois Rabelais, Tours"
684,7,"UNESP, SÃ£o Paulo State University"
685,33,Toho University
686,11,Beijing University of Chemical Technology
687,73,"Rutgers, The State University of New Jersey - Newark"
688,3,Johannes Kepler University of Linz
689,50,Warsaw University of Technology
690,20,University of Paris 13
691,33,University of Toyama
692,73,University of Toledo
693,63,University of Vigo
694,72,University of Kent
695,33,Jichi Medical University
696,32,Roma Tre University
697,66,Chung Yuan Christian University
698,31,University of Haifa
699,19,Ã…bo Akademi University
700,72,Swansea University
701,11,China Agricultural University
702,32,Marche Polytechnic University
703,73,"University of Maine, Orono"
704,72,Heriot-Watt University
705,73,Marquette University
706,72,Loughborough University
707,21,Kaiserslautern University of Technology
708,72,Aston University
709,63,University of Girona
710,6,Hasselt University
711,11,Nanjing University of Science and Technology
712,3,"University of Natural Resources and Life Sciences, Vienna"
713,25,University of Szeged
714,11,Soochow University (Suzhou)
715,63,University of the Balearic Islands
716,11,Fuzhou University
717,73,University of Memphis
718,73,San Francisco State University
719,73,East Carolina University
720,21,University of Augsburg
721,73,University of Missouriâ€“St. Louis
722,33,Kyoto Prefectural University of Medicine
723,11,Shanghai University
724,2,University of South Australia
725,72,Liverpool John Moores University
726,3,Graz University of Technology
727,33,Kitasato University
728,73,University of North Carolina at Charlotte
729,32,"G. d'Annunzio University, Chieti-Pescara"
730,63,University of Cantabria
731,63,Miguel HernÃ¡ndez University of Elche
732,11,Donghua University
733,59,Comenius University in Bratislava
734,73,University of Alabama in Huntsville
735,33,Mie University
736,72,University of Stirling
737,73,Hunter College
738,2,Swinburne University of Technology
739,72,University of Ulster
740,20,University of Ã‰vry Val d'Essonne
741,32,University of Salerno
742,1,National University of La Plata
743,15,Masaryk University
744,33,Yamaguchi University
745,33,University of Yamanashi
746,33,Showa University
747,73,North Dakota State University - Main Campus
748,73,"University of North Texas, Denton"
749,73,University of Mississippi Medical Center
750,29,University of Tehran
751,20,"Paul ValÃ©ry University, Montpellier III"
752,11,Wuhan University of Technology
753,33,University of Hyogo
754,73,The Catholic University of America
755,65,University of NeuchÃ¢tel
756,42,National Polytechnic Institute
757,33,Jikei University School of Medicine
758,63,University of Valladolid
759,32,University of Calabria
760,21,University of LÃ¼beck
761,33,Kurume University
762,11,Peking Union Medical College
763,33,Yamagata University
764,63,University of CÃ³rdoba (Spain)
765,6,University of Mons
766,33,Saga University
767,73,Clarkson University
768,73,University of South Alabama
769,62,Inje University
770,20,University of Caen Lower Normandy
771,63,University of Castillaâ€“La Mancha
772,15,Czech Technical University in Prague
773,33,Saitama Medical University
774,68,Istanbul Technical University
775,66,Kaohsiung Medical University
776,33,University of Electro-Communications
777,62,Yeungnam University
778,27,Jawaharlal Nehru Centre for Advanced Scientific Research
779,41,"Putra University, Malaysia"
780,20,Institut national des sciences AppliquÃ©es de Lyon
781,20,University of Perpignan Via Domitia
782,33,University of Miyazaki
783,11,Second Military Medical University
784,73,Northern Arizona University
785,9,Ã‰cole Polytechnique de MontrÃ©al
786,32,University of Salento
787,33,Fukuoka University
788,33,Nagoya Institute of Technology
789,68,Ankara University
790,20,Blaise Pascal University
791,11,University of Electronic Science and Technology of China
792,66,National Sun Yat-sen University
793,20,University of Rouen
794,73,Bowling Green State University
795,47,Norwegian University of Life Sciences
796,20,University of Picardie Jules Verne
797,73,Michigan Technological University
798,10,University of ConcepciÃ³n
799,66,China Medical University (Taiwan)
800,21,University of Hohenheim
801,72,Aberystwyth University
802,9,Wilfrid Laurier University
803,17,Cairo University
804,63,University of Murcia
805,15,"PalackÃ½ University, Olomouc"
806,66,Taipei Medical University
807,72,University of Bradford
808,56,King Fahd University of Petroleum and Minerals
809,68,Ege University
810,57,University of Belgrade
811,32,"University of Eastern Piedmont Amedeo Avogadro"""""
812,25,Budapest University of Technology and Economics
813,3,University of Salzburg
814,73,University of Massachusetts Lowell
815,63,Jaume I University
816,11,Chongqing University
817,11,Beijing Institute of Technology
818,72,Manchester Metropolitan University
819,11,Zhengzhou University
820,30,Dublin City University
821,30,"National University of Ireland, Maynooth"
822,62,Kangwon National University
823,72,"Royal Veterinary College, University of London"
824,73,Wright State University - Dayton
825,11,Capital Medical University
826,72,University of Brighton
827,8,Sofia University
828,9,University of Regina
829,32,Magna GrÃ¦cia University of Catanzaro
830,62,Chungbuk National University
831,33,KÅchi University
832,9,University of New Brunswick
833,62,Sejong University
834,29,Sharif University of Technology
835,62,Chung-Ang University
836,73,"Queens College, City University of New York"
837,2,Murdoch University
838,62,Chosun University
839,38,Vilnius University
840,60,University of Maribor
841,33,Ritsumeikan University
842,32,University of Sassari
843,11,Nanjing Normal University
844,20,University of Franche-ComtÃ©
845,73,University of Texas at El Paso
846,7,Rio de Janeiro State University
847,11,Jinan University
848,73,University of Massachusetts Boston
849,63,University of AlcalÃ¡
850,29,Tehran University of Medical Sciences
851,33,University of the Ryukyus
852,20,University of Angers
853,7,Fluminense Federal University
854,73,Florida Institute of Technology
855,9,Trent University
856,66,National Chung Cheng University
857,68,Bilkent University
858,66,National Taiwan Normal University
859,33,Saitama University
860,2,RMIT University
861,33,Hamamatsu University School of Medicine
862,21,University of Greifswald
863,25,University of PÃ©cs
864,33,University of Fukui
865,73,Oakland University
866,11,Nanjing University of Technology
867,2,"University of Technology, Sydney"
868,73,University of North Carolina at Greensboro
869,27,"All India Institute of Medical Sciences, New Delhi"
870,33,Kyoto Institute of Technology
871,11,Ocean University of China
872,67,Chiang Mai University
873,32,University of Camerino
874,33,Hirosaki University
875,73,University of North Dakota
876,63,University of Extremadura
877,33,Teikyo University
878,11,Jiangnan University
879,50,Adam Mickiewicz University in PoznaÅ„
880,45,University of Waikato
881,3,University of Veterinary Medicine Vienna
882,63,University of CÃ¡diz
883,73,Florida Atlantic University
884,11,Huazhong Agricultural University
885,9,Brock University
886,63,University of Lleida
887,11,Shanghai Normal University
888,20,Jean Monnet University
889,33,Shimane University
890,20,University of OrlÃ©ans
891,21,University of Siegen
892,69,Makerere University
893,72,"University of Wales, Trinity Saint David"
894,66,National Taiwan University of Science and Technology
895,7,University of BrasÃ­lia
896,20,University of Western Brittany
897,11,Nanjing Agricultural University
898,1,National University of CÃ³rdoba
899,7,Federal University of Santa Catarina
900,66,National Taiwan Ocean University
901,68,Gazi University
902,12,National University of Colombia
903,63,University of JaÃ©n
904,68,BoÄŸaziÃ§i University
905,27,Jadavpur University
906,62,Pukyong National University
907,2,University of Western Sydney
908,11,Northeastern University (China)
909,21,University of Mannheim
910,21,University of OsnabrÃ¼ck
911,2,Charles Darwin University
912,27,University of Hyderabad
913,11,Northwest University (China)
914,73,University of Southern Mississippi
915,50,University of WrocÅ‚aw
916,63,Carlos III University of Madrid
917,55,Novosibirsk State University
918,11,Nanjing Medical University
919,50,Nicolaus Copernicus University in ToruÅ„
920,7,Federal University of Santa Maria
921,21,Chemnitz University of Technology
922,11,Southwest University
923,50,WrocÅ‚aw University of Technology
924,73,"University of California, Merced"
925,71,United Arab Emirates University
926,7,Federal University of SÃ£o Carlos
927,23,University of Thessaly
928,32,University of Basilicata
929,66,Feng Chia University
930,7,Federal University of ParanÃ¡
931,63,University of AlmerÃ­a
932,62,Hallym University
933,11,Fourth Military Medical University
934,74,University of the Republic (Uruguay)
935,68,Dokuz EylÃ¼l University
936,11,Nanjing University of Aeronautics and Astronautics
937,63,Public University of Navarre
938,63,University of A CoruÃ±a
939,29,Isfahan University of Technology
940,2,University of New England (Australia)
941,7,Federal University of Pernambuco
942,11,Jiangsu University
943,11,Third Military Medical University
944,11,South China Normal University
945,30,University of Limerick
946,11,Xiangtan University
947,11,Yangzhou University
948,11,Northwestern Polytechnical University
949,20,University of Reims Champagne-Ardenne
950,33,Ibaraki University
951,66,Chung Shan Medical University
952,17,Alexandria University
953,66,Yuan Ze University
954,14,University of Cyprus
955,50,University of Silesia
956,11,Southern Medical University
957,29,Shiraz University
958,54,University of Bucharest
959,17,Mansoura University
960,29,Amirkabir University of Technology
961,11,Beijing Jiaotong University
962,20,University of Valenciennes and Hainaut-Cambresis
963,51,University of the Algarve
964,15,"University of Chemistry and Technology, Prague"
965,7,Federal University of CearÃ¡
966,17,Ain Shams University
967,21,University of Oldenburg
968,7,Federal University of Bahia
969,11,Hunan Normal University
970,73,Western Michigan University
971,62,University of Seoul
972,10,Federico Santa MarÃ­a Technical University
973,9,Ryerson University
974,11,South China Agricultural University
975,66,Fu Jen Catholic University
976,11,China Pharmaceutical University
977,29,Tarbiat Modares University
978,52,University of Puerto Rico at MayagÃ¼ez
979,1,National University of Rosario
980,20,University of Pau and Pays de l'Adour
981,11,Xidian University
982,11,Zhejiang University of Technology
983,11,China Medical University (PRC)
984,7,Federal University of ABC
985,63,King Juan Carlos University
986,11,Beijing University of Technology
987,11,Guangxi University
988,11,Northwest A&F University
989,11,Shanxi University
990,66,Tamkang University
991,11,Harbin Medical University
992,11,Zhejiang Normal University
993,56,King Abdulaziz University
994,29,Iran University of Science and Technology
995,66,I-Shou University
996,20,University of Maine (Le Mans)
997,66,National Dong Hwa University
998,66,National Taipei University of Technology
999,11,Shaanxi Normal University
1000,11,National University of Defense Technology
1001,11,Yanbian University
1002,20,University of Montpellier
1003,55,Moscow Institute of Physics and Technology
1004,20,University of Bordeaux
1005,73,University of Oklahoma Health Sciences Center
1006,11,Renmin University of China
1007,20,Ã‰cole normale supÃ©rieure de Cachan
1008,55,National Research Nuclear University MEPhI
1009,21,Jacobs University Bremen
1010,20,Ã‰cole centrale de Lyon
1011,11,Hefei University of Technology
1012,27,University of Calcutta
1013,11,China University of Geosciences (Wuhan)
1014,9,University of Lethbridge
1015,29,Shahid Beheshti University of Medical Sciences
1016,72,University of Central Lancashire
1017,62,Gachon University
1018,11,Harbin Engineering University
1019,62,Ulsan National Institute of Science and Technology
1020,11,Shenzhen University
1021,11,Tianjin Medical University
1022,54,BabeÈ™-Bolyai University
1023,11,Henan Normal University
1024,11,Southwest Jiaotong University
1025,65,ETH Zurich â€“ Swiss Federal Institute of Technology Zurich
1026,73,University of Michigan
1027,73,University of Washington
1028,73,University of Illinois at Urbana-Champaign
1029,73,Washington University in St Louis
1030,20,Ã‰cole Normale SupÃ©rieure
1031,73,University of Wisconsin
1032,65,Ã‰cole Polytechnique FÃ©dÃ©rale de Lausanne
1033,73,University of Minnesota
1034,73,University of Massachusetts
1035,21,LMU Munich
1036,73,University of Pittsburgh
1037,73,Ohio State University
1038,73,William & Mary
1039,30,Trinity College Dublin
1040,72,Kingâ€™s College London
1041,2,The University of Queensland
1042,21,Heidelberg University
1043,72,London School of Economics and Political Science
1044,73,"Rutgers, the State University of New Jersey"
1045,73,Purdue University
1046,73,Pennsylvania State University
1047,73,University of Hawaiâ€™i at MÄnoa
1048,6,KU Leuven
1049,21,University of Freiburg
1050,20,Pierre and Marie Curie University
1051,44,Wageningen University and Research Center
1052,73,Indiana University
1053,73,Georgia Health Sciences University
1054,21,University of WÃ¼rzburg
1055,64,KTH Royal Institute of Technology
1056,73,University of Wisconsin-Madison
1057,73,Texas A&M University
1058,20,Paris Diderot University â€“ Paris 7
1059,9,Queenâ€™s University
1060,31,Technion Israel Institute of Technology
1061,21,Ulm University
1062,73,University at Buffalo
1063,73,University of Medicine and Dentistry of New Jersey
1064,73,University of South Carolina
1065,9,University of Western Ontario
1066,73,Colorado State University
1067,73,State University of New York Albany
1068,32,University of Milan-Bicocca
1069,73,University of Missouri
1070,72,Brunel University London
1071,72,Queenâ€™s University Belfast
1072,21,TU Dresden
1073,20,Montpellier University
1074,7,State University of Campinas
1075,21,Technical University of Darmstadt
1076,33,Tokyo Medical and Dental University (TMDU)
1077,47,UiT The Arctic University of Norway
1078,73,"Binghamton University, State University of New York"
1079,66,National Taiwan University of Science and Technology (Taiwan Tech)
1080,62,Sungkyunkwan University (SKKU)
1081,73,University of Oklahoma
1082,73,University of South Florida
1083,73,Washington State University
1084,21,Leibniz University of Hanover
1085,51,New University of Lisbon
1086,20,University of Paris North â€“ Paris 13
1087,20,Paris-Sud University
1088,72,"St Georgeâ€™s, University of London"
1089,68,KoÃ§ University
1090,21,Bayreuth University
1091,73,University of Montana
1092,67,King Mongkutâ€™s University of Technology Thonburi
1093,20,Paris Dauphine University
1094,2,University of Technology Sydney
1095,12,"University of the Andes, Colombia"
1096,73,University of Nebraska-Lincoln
1097,66,"China Medical University, Taiwan"
1098,63,University of Rovira i Virgili
1099,68,SabancÄ± University
1100,19,Lappeenranta University of Technology
1101,40,University of Macau
1102,43,University of Marrakech Cadi Ayyad
1103,32,University of Rome III
1104,2,Western Sydney University
1105,32,Scuola Superiore Santâ€™Anna
1106,39,University of Luxembourg
1107,21,CharitÃ© - UniversitÃ¤tsmedizin Berlin
1108,16,Copenhagen Business School
1109,73,Oregon Health and Science University
1110,55,Peter the Great St Petersburg Polytechnic University
1111,72,Royal Veterinary College
1112,55,Tomsk Polytechnic University
1113,55,Kazan Federal University
1114,20,Toulouse 1 Capitole University
1115,15,VÅ B - Technical University of Ostrava
1116,65,University of St Gallen
1117,51,Instituto Superior TÃ©cnico Lisboa
1118,20,PanthÃ©on-Sorbonne University â€“ Paris 1
1119,73,University of South Dakota
1120,20,Lille 2 University â€“ Health and Law
1121,32,Verona University
1122,73,American University
1123,72,Bournemouth University
1124,15,Brno University of Technology
1125,32,Caâ€™ Foscari University of Venice
1126,21,University of Kaiserslautern
1127,73,Louisiana State University
1128,20,National Institute of Applied Sciences of Lyon (INSA Lyon)
1129,72,The Open University
1130,72,Oxford Brookes University
1131,32,University of Rome II â€“ Tor Vergata
1132,73,University of San Francisco
1133,2,Southern Cross University
1134,72,Ulster University
1135,9,UniversitÃ© du QuÃ©bec Ã  MontrÃ©al
1136,41,Universiti Teknologi Malaysia
1137,32,University of Urbino Carlo Bo
1138,73,University of Arkansas
1139,55,Bauman Moscow State Technical University
1140,2,University of Canberra
1141,2,Central Queensland University
1142,72,De Montfort University
1143,2,Edith Cowan University
1144,27,Indian Institute of Technology Guwahati
1145,73,Montana State University
1146,42,Monterrey Institute of Technology and Higher Education
1147,73,Oklahoma State University
1148,21,Otto von Guericke University of Magdeburg
1149,15,PalackÃ½ University in Olomouc
1150,7,Pontifical Catholic University of Rio de Janeiro (PUC-Rio)
1151,49,Quaid-i-azam University
1152,9,UniversitÃ© de Sherbrooke
1153,11,Soochow University
1154,18,Tallinn University of Technology
1155,73,University of Tulsa
1156,73,University of Wisconsin-Milwaukee
1157,11,Xiâ€™an Jiaotong University
1158,50,Adam Mickiewicz University
1159,54,Alexandru Ioan Cuza University
1160,27,Aligarh Muslim University
1161,71,American University of Sharjah
1162,27,Amrita University
1163,68,Anadolu University
1164,27,Andhra University
1165,12,University of Antioquia
1166,66,"Asia University, Taiwan"
1167,23,Athens University of Economics and Business
1168,45,Auckland University of Technology
1169,10,Austral University of Chile
1170,5,Belarusian State University
1171,27,"Birla Institute of Technology and Science, Pilani"
1172,73,"California State University, Long Beach"
1173,63,University of Castilla-La Mancha
1174,20,University of Cergy-Pontoise
1175,11,China University of Petroleum (Beijing)
1176,72,Coventry University
1177,4,University of Dhaka
1178,30,Dublin Institute of Technology
1179,68,Erciyes University
1180,7,Federal University of ParanÃ¡ (UFPR)
1181,7,Federal University of ViÃ§osa
1182,7,Federal University of Lavras
1183,50,GdaÅ„sk University of Technology
1184,22,University of Ghana
1185,72,Glasgow Caledonian University
1186,72,University of Greenwich
1187,72,University of Huddersfield
1188,46,University of Ibadan
1189,28,University of Indonesia
1190,34,University of Jordan
1191,34,Jordan University of Science and Technology
1192,29,K.N. Toosi University of Technology
1193,67,Khon Kaen University
1194,72,Kingston University
1195,33,Kinki University
1196,33,Kyushu Institute of Technology
1197,36,University of Latvia
1198,20,Lille 1 University â€“ Science and Technology
1199,72,University of Lincoln
1200,72,Middlesex University
1201,35,University of Nairobi
1202,66,National Chengchi University
1203,55,National University of Science and Technology (MISiS)
1204,49,National University of Sciences and Technology
1205,72,Northumbria University
1206,72,Nottingham Trent University
1207,15,University of Pardubice
1208,20,Paris-Sorbonne University â€“ Paris 4
1209,7,Pontifical Catholic University of ParanÃ¡
1210,7,Pontifical Catholic University of Rio Grande do Sul (PUCRS)
1211,10,Pontifical Catholic University of ValparaÃ­so
1212,67,Prince of Songkla University
1213,53,Qatar University
1214,7,Rio de Janeiro State University (UERJ)
1215,72,University of Salford
1216,10,"University of Santiago, Chile (USACH)"
1217,7,SÃ£o Paulo State University (UNESP)
1218,27,Savitribai Phule Pune University
1219,29,Shahid Beheshti University
1220,11,Shantou University
1221,72,Sheffield Hallam University
1222,50,University of Silesia in Katowice
1223,59,Slovak University of Technology in Bratislava
1224,33,Sophia University
1225,61,University of South Africa
1226,55,Southern Federal University
1227,2,University of Southern Queensland
1228,17,Suez Canal University
1229,48,Sultan Qaboos University
1230,67,Suranaree University of Technology
1231,70,Taras Shevchenko National University of Kyiv
1232,73,Texas Tech University
1233,33,Tokushima University
1234,33,Tokyo University of Marine Science and Technology
1235,55,Tomsk State University
1236,33,Toyohashi University of Technology
1237,41,Universiti Kebangsaan Malaysia
1238,41,Universiti Putra Malaysia
1239,41,Universiti Sains Malaysia
1240,41,Universiti Teknologi MARA
1241,55,Ural Federal University
1242,70,V.N. Karazin Kharkiv National University
1243,15,University of West Bohemia
1244,72,University of the West of England
1245,54,West University of TimiÅŸoara
1246,72,University of Westminster
1247,68,YÄ±ldÄ±z Technical University
